[{"title_en":"SNSF open data: Who gets funding? How to calculate figures yourself","title_de":"Offene SNF-Daten: Wer erhält Förderung? So berechnen Sie selber Detailzahlen","title_fr":"Données ouvertes du FNS : qui reçoit un encouragement ? Ou comment calculer les chiffres détaillés","author":"Julius Mattern","datastory_category":"standard","publication_date":"2022-11-30 01:00:00","languages":"en;de;fr","short_desc_en":"The SNSF makes data on its research funding publicly available. Here’s how you can use these data to calculate useful figures easily and quickly.","short_desc_de":"Der SNF macht Daten zu seiner Forschungsförderung öffentlich zugänglich. Wir zeigen auf, wie Sie diese Daten einfach und schnell zur Berechnung nützlicher Zahlen verwenden können.","short_desc_fr":"Le FNS rend publiques les données relatives à la recherche qu’il encourage. Nous vous expliquons comment vous pouvez les utiliser pour générer des chiffres utiles.","tags":"T40T,T20T","author_url":"datastories@snf.ch","top_story":false,"github_url":"https://github.com/snsf-data/datastory_use_snsf_open_data","doi":"https://doi.org/10.46446/datastory.use-snsf-open-data"}]
